<ImportExportXml xmlns:xsi="http://www.w3.org/2001/XMLSchema-instance" OrganizationVersion="9.2.25014.172" OrganizationSchemaType="Standard" CRMServerServiceabilityVersion="9.2.25014.00180">
  <Entities></Entities>
  <Roles></Roles>
  <Workflows>
    <Workflow WorkflowId="{eee485de-e1d4-ef11-8eea-6045bd3c2e14}" Name="Chamar Funcao Azure Custom Vision">
      <JsonFileName>/Workflows/ChamarFuncaoAzureCustomVision-EEE485DE-E1D4-EF11-8EEA-6045BD3C2E14.json</JsonFileName>
      <Type>1</Type>
      <Subprocess>0</Subprocess>
      <Category>5</Category>
      <Mode>0</Mode>
      <Scope>4</Scope>
      <OnDemand>0</OnDemand>
      <TriggerOnCreate>0</TriggerOnCreate>
      <TriggerOnDelete>0</TriggerOnDelete>
      <AsyncAutodelete>0</AsyncAutodelete>
      <SyncWorkflowLogOnFailure>0</SyncWorkflowLogOnFailure>
      <StateCode>1</StateCode>
      <StatusCode>2</StatusCode>
      <RunAs>1</RunAs>
      <IsTransacted>1</IsTransacted>
      <IntroducedVersion>1.0.0.0</IntroducedVersion>
      <IsCustomizable>1</IsCustomizable>
      <BusinessProcessType>0</BusinessProcessType>
      <IsCustomProcessingStepAllowedForOtherPublishers>1</IsCustomProcessingStepAllowedForOtherPublishers>
      <PrimaryEntity>none</PrimaryEntity>
      <LocalizedNames>
        <LocalizedName languagecode="1033" description="Chamar Funcao Azure Custom Vision" />
        <LocalizedName languagecode="1046" description="Chamar Funcao Azure Custom Vision" />
      </LocalizedNames>
    </Workflow>
  </Workflows>
  <FieldSecurityProfiles></FieldSecurityProfiles>
  <Templates />
  <EntityMaps />
  <EntityRelationships />
  <OrganizationSettings />
  <optionsets />
  <CustomControls />
  <EntityDataProviders />
  <CanvasApps>
    <CanvasApp>
      <Name>ics_customvision_c3216</Name>
      <AppVersion>2025-02-04T00:16:47Z</AppVersion>
      <Status>Ready</Status>
      <CreatedByClientVersion>3.25014.14.0</CreatedByClientVersion>
      <MinClientVersion>3.25014.14.0</MinClientVersion>
      <Tags>{"primaryDeviceWidth":"768","primaryDeviceHeight":"1366","supportsPortrait":"true","supportsLandscape":"true","primaryFormFactor":"Tablet","showStatusBar":"false","publisherVersion":"3.25014.14","minimumRequiredApiVersion":"2.2.0","hasComponent":"false","hasUnlockedComponent":"false","isUnifiedRootApp":"false"}</Tags>
      <IsCdsUpgraded>0</IsCdsUpgraded>
      <GalleryItemId xsi:nil="true"></GalleryItemId>
      <BackgroundColor>RGBA(0,176,240,1)</BackgroundColor>
      <DisplayName>Custom Vision</DisplayName>
      <Description xsi:nil="true"></Description>
      <CommitMessage xsi:nil="true"></CommitMessage>
      <Publisher xsi:nil="true"></Publisher>
      <AuthorizationReferences>[]</AuthorizationReferences>
      <ConnectionReferences>{"bf328bbe-c1df-47ee-902e-d98776a79ad1":{"id":"/providers/microsoft.powerapps/apis/shared_logicflows","displayName":"Fluxos lógicos","iconUri":"https://connectoricons-prod.azureedge.net/releases/v1.0.1725/1.0.1725.4004/logicflows/icon.png","dataSources":["ChamarFuncaoAzureCustomVision"],"dependencies":[],"dependents":[],"parameterHints":{"workflowName":{"value":"4e1f203d-408a-43e1-81a3-b4d5607f72a1"},"workflowEntityId":{"value":"eee485de-e1d4-ef11-8eea-6045bd3c2e14"},"workflowDisplayName":{"value":"Chamar Funcao Azure Custom Vision"}},"parameterHintsV2":{"workflowName":{"value":"4e1f203d-408a-43e1-81a3-b4d5607f72a1"},"workflowEntityId":{"value":"eee485de-e1d4-ef11-8eea-6045bd3c2e14"},"workflowDisplayName":{"value":"Chamar Funcao Azure Custom Vision"}},"isOnPremiseConnection":false,"bypassConsent":false,"dataSets":{},"apiTier":"Standard","actions":["Run"]}}</ConnectionReferences>
      <DatabaseReferences>{}</DatabaseReferences>
      <AppComponents>[]</AppComponents>
      <AppComponentDependencies>[]</AppComponentDependencies>
      <CanConsumeAppPass>0</CanConsumeAppPass>
      <CanvasAppType>0</CanvasAppType>
      <BypassConsent>0</BypassConsent>
      <AdminControlBypassConsent>0</AdminControlBypassConsent>
      <EmbeddedApp xsi:nil="true"></EmbeddedApp>
      <IntroducedVersion>1.0</IntroducedVersion>
      <CdsDependencies>{"cdsdependencies":[{"dependencyid":"eee485de-e1d4-ef11-8eea-6045bd3c2e14","componenttype":29,"componenttypeplatformname":"Workflow"}]}</CdsDependencies>
      <IsCustomizable>1</IsCustomizable>
      <BackgroundImageUri>/CanvasApps/ics_customvision_c3216_BackgroundImageUri</BackgroundImageUri>
      <DocumentUri>/CanvasApps/ics_customvision_c3216_DocumentUri.msapp</DocumentUri>
      <AdditionalUris>
        <AdditionalUri>/CanvasApps/ics_customvision_c3216_AdditionalUris0_identity.json</AdditionalUri>
      </AdditionalUris>
    </CanvasApp>
  </CanvasApps>
  <Languages>
    <Language>1046</Language>
    <Language>1033</Language>
  </Languages>
</ImportExportXml>