<environmentvariabledefinition schemaname="ics_PROJECT_ID">
  <defaultvalue>b0faf0a3-f533-49a6-ba66-0e82cc093308</defaultvalue>
  <displayname default="PROJECT_ID">
    <label description="PROJECT_ID" languagecode="1033" />
    <label description="PROJECT_ID" languagecode="1046" />
  </displayname>
  <introducedversion>1.0.0.1</introducedversion>
  <iscustomizable>1</iscustomizable>
  <isrequired>0</isrequired>
  <secretstore>0</secretstore>
  <type>100000000</type>
</environmentvariabledefinition>