<environmentvariabledefinition schemaname="ics_FunctionAzure">
  <defaultvalue>https://fruteiraapp4.azurewebsites.net/api/fruteirafuncion4?code=85gpDA6dFHYT9rx8GJDzrcNll4DdL5L20GcQ2cbUIK12AzFuto1b9w%3D%3D</defaultvalue>
  <displayname default="FunctionAzure">
    <label description="FunctionAzure" languagecode="1033" />
    <label description="FunctionAzure" languagecode="1046" />
  </displayname>
  <introducedversion>1.0.0.1</introducedversion>
  <iscustomizable>1</iscustomizable>
  <isrequired>0</isrequired>
  <secretstore>0</secretstore>
  <type>100000000</type>
</environmentvariabledefinition>