<environmentvariabledefinition schemaname="ics_ITERATION_NAME">
  <defaultvalue>Iteration2</defaultvalue>
  <displayname default="ITERATION_NAME">
    <label description="ITERATION_NAME" languagecode="1033" />
    <label description="ITERATION_NAME" languagecode="1046" />
  </displayname>
  <introducedversion>1.0.0.1</introducedversion>
  <iscustomizable>1</iscustomizable>
  <isrequired>0</isrequired>
  <secretstore>0</secretstore>
  <type>100000000</type>
</environmentvariabledefinition>