<environmentvariabledefinition schemaname="ics_PREDICTION_KEY">
  <defaultvalue>8QpEvvW9FOtKFb0nXpDORqVfzcmmrE6uEMnCE1o4wRp8rBUp1mPRJQQJ99ALACYeBjFXJ3w3AAAIACOGlrPB</defaultvalue>
  <displayname default="PREDICTION_KEY">
    <label description="PREDICTION_KEY" languagecode="1033" />
    <label description="PREDICTION_KEY" languagecode="1046" />
  </displayname>
  <introducedversion>1.0.0.1</introducedversion>
  <iscustomizable>1</iscustomizable>
  <isrequired>0</isrequired>
  <secretstore>0</secretstore>
  <type>100000000</type>
</environmentvariabledefinition>