<environmentvariabledefinition schemaname="ics_ENDPOINT">
  <defaultvalue>https://customvision1234652524-prediction.cognitiveservices.azure.com/</defaultvalue>
  <displayname default="ENDPOINT">
    <label description="ENDPOINT" languagecode="1033" />
    <label description="ENDPOINT" languagecode="1046" />
  </displayname>
  <introducedversion>1.0.0.1</introducedversion>
  <iscustomizable>1</iscustomizable>
  <isrequired>0</isrequired>
  <secretstore>0</secretstore>
  <type>100000000</type>
</environmentvariabledefinition>