{
  "properties": {
    "connectionReferences": {},
    "definition": {
      "$schema": "https://schema.management.azure.com/providers/Microsoft.Logic/schemas/2016-06-01/workflowdefinition.json#",
      "contentVersion": "1.0.0.0",
      "parameters": {
        "$authentication": {
          "defaultValue": {},
          "type": "SecureObject"
        },
        "ENDPOINT (ics_ENDPOINT)": {
          "defaultValue": "https://customvision1234652524-prediction.cognitiveservices.azure.com/",
          "type": "String",
          "metadata": {
            "schemaName": "ics_ENDPOINT"
          }
        },
        "PREDICTION_KEY (ics_PREDICTION_KEY)": {
          "defaultValue": "8QpEvvW9FOtKFb0nXpDORqVfzcmmrE6uEMnCE1o4wRp8rBUp1mPRJQQJ99ALACYeBjFXJ3w3AAAIACOGlrPB",
          "type": "String",
          "metadata": {
            "schemaName": "ics_PREDICTION_KEY"
          }
        },
        "PROJECT_ID (ics_PROJECT_ID)": {
          "defaultValue": "b0faf0a3-f533-49a6-ba66-0e82cc093308",
          "type": "String",
          "metadata": {
            "schemaName": "ics_PROJECT_ID"
          }
        },
        "ITERATION_NAME (ics_ITERATION_NAME)": {
          "defaultValue": "Iteration2",
          "type": "String",
          "metadata": {
            "schemaName": "ics_ITERATION_NAME"
          }
        },
        "FunctionAzure (ics_FunctionAzure)": {
          "defaultValue": "https://fruteiraapp4.azurewebsites.net/api/fruteirafuncion4?code=85gpDA6dFHYT9rx8GJDzrcNll4DdL5L20GcQ2cbUIK12AzFuto1b9w%3D%3D",
          "type": "String",
          "metadata": {
            "schemaName": "ics_FunctionAzure"
          }
        }
      },
      "triggers": {
        "manual": {
          "metadata": {
            "operationMetadataId": "096ea854-4b7b-4bbf-a1fc-eb068a3a46e7"
          },
          "type": "Request",
          "kind": "PowerAppV2",
          "inputs": {
            "schema": {
              "type": "object",
              "properties": {
                "text": {
                  "title": "ImgEntrada",
                  "type": "string",
                  "x-ms-dynamically-added": true,
                  "description": "Insira sua entrada",
                  "x-ms-content-hint": "TEXT"
                }
              },
              "required": [
                "text"
              ]
            }
          }
        }
      },
      "actions": {
        "HTTP_-_Azure_Funcion": {
          "runAfter": {
            "Inicializar_variável": [
              "Succeeded"
            ]
          },
          "metadata": {
            "operationMetadataId": "80ce3f2c-5abb-4d3e-b92c-4c756babc08e"
          },
          "type": "Http",
          "inputs": {
            "method": "POST",
            "uri": "@parameters('FunctionAzure (ics_FunctionAzure)')",
            "body": {
              "base64_string": "@{variables('ImgBase64')}",
              "ENDPOINT": "@{parameters('ENDPOINT (ics_ENDPOINT)')}",
              "PREDICTION_KEY": "@{parameters('PREDICTION_KEY (ics_PREDICTION_KEY)')}",
              "PROJECT_ID": "@{parameters('PROJECT_ID (ics_PROJECT_ID)')}",
              "ITERATION_NAME": "@{parameters('ITERATION_NAME (ics_ITERATION_NAME)')}"
            }
          }
        },
        "Respond_to_a_Power_App_or_flow": {
          "runAfter": {
            "HTTP_-_Azure_Funcion": [
              "Succeeded"
            ]
          },
          "metadata": {
            "operationMetadataId": "b3fbf86f-516b-4e9e-a75c-a1659c4e73f9"
          },
          "type": "Response",
          "kind": "PowerApp",
          "inputs": {
            "statusCode": 200,
            "body": {
              "base64image": "@{body('HTTP_-_Azure_Funcion')}"
            },
            "schema": {
              "type": "object",
              "properties": {
                "base64image": {
                  "title": "base64Image",
                  "x-ms-dynamically-added": true,
                  "type": "string"
                }
              }
            }
          }
        },
        "Inicializar_variável": {
          "runAfter": {},
          "metadata": {
            "operationMetadataId": "2549ccb0-1b11-4d92-923c-3f21d59c638c"
          },
          "type": "InitializeVariable",
          "inputs": {
            "variables": [
              {
                "name": "ImgBase64",
                "type": "string",
                "value": "@triggerBody()['text']"
              }
            ]
          }
        }
      }
    },
    "templateName": ""
  },
  "schemaVersion": "1.0.0.0"
}